モデル,Test_F1_macro,Test_F1_micro,正解率,適合率,再現率,F1スコア（バイナリ）,感度,特異度,パラメータ数,実質Batch_Size,学習率,学習時間（分）,ベストEpoch
Transformer1D,0.6669448949133672,0.7026771653543307,0.8216068996822514,0.9452631578947368,0.7247780468119451,0.8204659661946094,0.7247780468119451,0.946058091286307,5013893,256,0.00015,5.0,32
